idiom_id,sense_number,register,region,definitions,version,created_at,updated_at,idiom,meaning_id
id_unspecified_0017,1,"[""neutral""]","[""Indonesia""]","[""Literally 'lacking work': having insufficient work or not enough tasks to occupy oneself.""]",1,2025-11-15 05:25:26.394132,2025-11-15 05:25:26.494881,kurang kerjaan,05574234-dfab-4c21-9b32-9040df605a83
id_unspecified_0037,2,"[""colloquial"",""journalistic""]","[""Indonesia""]","[""A colloquial term for a destructive fire or blaze.""]",1,2025-11-15 05:25:26.394903,2025-11-15 05:25:26.494881,si jago merah,062b32b9-5a62-4532-aaa3-5fd1efec64f0
id_unspecified_0015,2,"[""informal"",""derogatory"",""idiomatic"",""slang""]","[""Indonesia""]","[""A person who pretends to be tough or brave but is actually weak and easily frightened.""]",1,2025-11-15 05:25:26.394066,2025-11-15 05:25:26.494881,koboi cacing,064df3fb-576e-4f51-8130-4feb5b94b125
id_unspecified_0040,1,"[""literal""]","[""Indonesia""]","[""Literally, having a cutting edge that is sharp on the lower side and blunt on the upper side.""]",1,2025-11-15 05:25:26.394938,2025-11-15 05:25:26.494881,"tajam ke bawah, tumpul ke atas",0dbc52b5-d00a-4883-b200-8011e517f6fa
id_unspecified_0029,2,"[""formal"",""legal""]","[""Indonesia""]","[""The criminal or unlawful appropriation of funds or property entrusted to someone; embezzlement.""]",1,2025-11-15 05:25:26.394767,2025-11-15 05:25:26.494881,penggelapan,11f4bfd1-9a82-439b-bc2b-792d82e2f321
id_unspecified_0001,1,"[""neutral"",""literal""]","[""Indonesia"",""Malay""]","[""A literal phrase meaning 'there is a shrimp behind the rock.'""]",1,2025-11-15 05:25:26.393743,2025-11-15 05:25:26.494881,ada udang di balik batu,13ef1270-fd4f-483f-a412-091bd46a76ff
id_unspecified_0008,2,"[""informal"",""idiomatic""]","[""Indonesia""]","[""A casual sexual relationship with no expectation of commitment or continuation; a one-night stand.""]",1,2025-11-15 05:25:26.393877,2025-11-15 05:25:26.494881,cinta satu malam,1404ec56-e0db-433d-844c-380402bbbd4d
id_unspecified_0032,1,"[""neutral""]","[""Indonesian""]","[""literal translation: 'banana republic.'""]",1,2025-11-15 05:25:26.394799,2025-11-15 05:25:26.494881,republik pisang,14a6c3a9-1d46-48be-9385-474b43e4f693
id_unspecified_0044,3,"[""idiomatic"",""colloquial""]","[""Indonesia"",""Malaysia""]","[""To bring an issue to an end or to consider a matter concluded; to stop further discussion, investigation, or action on a topic.""]",1,2025-11-15 05:25:26.395021,2025-11-15 05:25:26.494881,tutup buku,1a382b16-dc4e-45dd-a67c-c712b5de3107
id_unspecified_0002,1,"[""neutral"",""literal""]","[""Indonesia""]","[""A literal proverb meaning 'calm (or still) water carries away,' describing the behavior of water that appears calm on the surface.""]",1,2025-11-15 05:25:26.393767,2025-11-15 05:25:26.494881,air tenang menghanyutkan,1bf60167-3e73-4d7d-918d-37101d0ea079
id_unspecified_0007,1,"[""informal"",""slang"",""nonstandard""]","[""Indonesia""]","[""Colloquial clipped form of 'bodo amat' used to express indifference; 'I don't care'.""]",1,2025-11-15 05:25:26.393859,2025-11-15 05:25:26.494881,bomat,1c36bcaf-c7da-414b-87de-0635f0cb8383
id_unspecified_0002,2,"[""idiomatic"",""proverbial"",""figurative""]","[""Indonesia""]","[""A proverb meaning 'still waters run deep,' used to describe a quiet or reserved person who nonetheless has hidden depth, capability, or potential influence.""]",1,2025-11-15 05:25:26.393777,2025-11-15 05:25:26.494881,air tenang menghanyutkan,1f69eb69-d828-4b05-b1a1-868607f2201a
id_unspecified_0024,1,"[""colloquial"",""internet slang""]","[""Indonesia""]","[""Literally, 'according to you'; a direct phrasing asking for or attributing an opinion to the addressee.""]",1,2025-11-15 05:25:26.394282,2025-11-15 05:25:26.494881,menurut ngana,1fded887-9ae8-4bd2-8fa6-5604b6d0cddc
id_unspecified_0005,1,"[""informal"",""colloquial""]","[""Indonesia"",""Jakarta""]","[""To leave something as it is; not to touch, change, or interfere with it.""]",1,2025-11-15 05:25:26.393823,2025-11-15 05:25:26.494881,biarin,2174e7fc-7c5d-4e2a-b19c-401185b96dc6
id_unspecified_0024,2,"[""colloquial"",""internet slang"",""idiomatic""]","[""Indonesia""]","[""Figuratively, a sarcastic or rhetorical response to an obvious statement meaning 'you think?' or 'you don't say?', used to express surprise-mocking or to highlight the obviousness of something.""]",1,2025-11-15 05:25:26.394675,2025-11-15 05:25:26.494881,menurut ngana,248fc8c0-b4d0-47b9-8fbb-ecea434c15db
id_unspecified_0019,1,"[""literal""]","[""Indonesia"",""Malaysia""]","[""Literally 'to eat wind': to take in or consume wind or air (literal meaning, rarely used).""]",1,2025-11-15 05:25:26.394162,2025-11-15 05:25:26.494881,makan angin,28813424-076b-4c18-bca4-2a70ac6891d2
id_unspecified_0037,1,"[""neutral""]","[""Indonesia""]","[""Literally, 'the valiant red one'; a personified expression referring to something red or splendid in hue.""]",1,2025-11-15 05:25:26.394896,2025-11-15 05:25:26.494881,si jago merah,29a90a8d-3964-4e80-9f24-50cf962c942a
id_unspecified_0008,1,"[""neutral"",""idiomatic""]","[""Indonesia""]","[""Literally 'one-night love'; a romantic or sexual encounter that lasts only one night.""]",1,2025-11-15 05:25:26.393868,2025-11-15 05:25:26.494881,cinta satu malam,2b980c33-8572-4667-8f6b-c3ffbedc4d53
id_unspecified_0038,1,"[""colloquial""]","[""Indonesia""]","[""Literally, 'already fallen, then struck by a ladder'; an image of falling and then being hit by a ladder.""]",1,2025-11-15 05:25:26.394911,2025-11-15 05:25:26.494881,"sudah jatuh, tertimpa tangga",2dee01a4-5a59-4eee-b005-499176fe05b3
id_unspecified_0005,2,"[""informal"",""colloquial"",""slang""]","[""Indonesia"",""Jakarta""]","[""Used as an imperative or response meaning 'let it be', 'never mind', 'don't worry about it', or 'leave him/her/them alone'.""]",1,2025-11-15 05:25:26.393832,2025-11-15 05:25:26.494881,biarin,32c6f2ed-f61a-48b9-a792-e3a47e1aee97
id_unspecified_0035,1,"[""neutral""]","[""Indonesia"",""Malaysia""]","[""Literally, 'to drink water while diving'; to perform the action of drinking while one is diving.""]",1,2025-11-15 05:25:26.394846,2025-11-15 05:25:26.494881,sambil menyelam minum air,33f1a9b4-5460-43d3-a7c1-2716be5379d0
id_unspecified_0000,1,"[""neutral"",""literal""]","[""Indonesia""]","[""A literal question meaning 'is there anything?' or 'is something the matter?' used to ask whether something exists or is wrong.""]",1,2025-11-15 05:25:26.393698,2025-11-15 05:25:26.494881,ada apa,366b823f-0e69-4bb5-a619-9bb07fd74e45
id_unspecified_0043,2,"[""idiomatic"",""proverbial""]","[""Indonesia"",""Malaysia""]","[""People who lack substance, knowledge, or ability often make the most noise or boast the most; empty vessels make the most sound.""]",1,2025-11-15 05:25:26.394995,2025-11-15 05:25:26.494881,tong kosong nyaring bunyinya,3b33897b-5951-40d6-a90f-3c3c753db7d1
id_unspecified_0021,1,"[""informal"",""idiomatic""]","[""Indonesia""]","[""Literally, 'time of being ignorant' or 'a period of not knowing'; a direct compositional reading of the words rather than a common literal referent.""]",1,2025-11-15 05:25:26.394222,2025-11-15 05:25:26.494881,masa bodoh,3dbb8f9d-cec2-49bd-93ba-2ee205753f3b
id_unspecified_0006,2,"[""informal"",""slang""]","[""Indonesia""]","[""Expresses indifference or apathy; 'I don't care' or 'whatever'.""]",1,2025-11-15 05:25:26.39385,2025-11-15 05:25:26.494881,bodo amat,4728c435-bb5e-4f32-b34d-553931c91ddb
id_unspecified_0031,2,"[""colloquial"",""affectionate""]","[""Malay"",""Indonesian""]","[""figurative: a person one adores or cherishes; a beloved, darling, or romantic idol.""]",1,2025-11-15 05:25:26.394793,2025-11-15 05:25:26.494881,pujaan hati,47931ebd-ac9b-43be-a193-5d0fd9d05bac
id_unspecified_0033,1,"[""neutral""]","[""Malay"",""Indonesian""]","[""literal translation: 'light-handed' or 'light of hand.'""]",1,2025-11-15 05:25:26.394813,2025-11-15 05:25:26.494881,ringan tangan,482d49b6-0ca0-4583-81a5-84a849b29002
id_unspecified_0027,1,"[""neutral"",""literal""]","[""Indonesia""]","[""A substance, such as a spray or coil, used to repel or kill mosquitoes and other insects.""]",1,2025-11-15 05:25:26.394723,2025-11-15 05:25:26.494881,obat nyamuk,488be34a-808a-477b-b501-f67df7aea6d1
id_unspecified_0028,2,"[""idiomatic"",""colloquial""]","[""Indonesia""]","[""A person who steals or habitually takes things that do not belong to them; someone with 'sticky fingers.'""]",1,2025-11-15 05:25:26.394754,2025-11-15 05:25:26.494881,panjang tangan,4916cfa9-ddfd-47ae-8ce6-01daf68e6aea
id_unspecified_0031,1,"[""colloquial"",""affectionate""]","[""Malay"",""Indonesian""]","[""literal translation: 'the heart's adored one.'""]",1,2025-11-15 05:25:26.394787,2025-11-15 05:25:26.494881,pujaan hati,4ae18715-aeaf-4495-877f-31660bb9e481
id_unspecified_0023,1,"[""colloquial"",""idiomatic"",""proverbial""]","[""Indonesia""]","[""Literally, 'to receive an upturned/overturned banana'; a concrete image referring to an easily obtained object.""]",1,2025-11-15 05:25:26.394259,2025-11-15 05:25:26.494881,mendapat pisang terkubak,579ef410-5ed2-4e00-aa01-69897989358b
id_unspecified_0026,1,"[""neutral"",""literal""]","[""Indonesia""]","[""Rice that has been cooked until it has become porridge.""]",1,2025-11-15 05:25:26.394708,2025-11-15 05:25:26.494881,nasi sudah menjadi bubur,57dfde12-0cf4-48f7-abb2-fc269d25860c
id_unspecified_0045,1,"[""neutral"",""colloquial""]","[""Indonesia"",""Malaysia""]","[""To cover or close something physically, often intensively or repeatedly.""]",1,2025-11-15 05:25:26.395029,2025-11-15 05:25:26.494881,tutup-tutupi,587b5e80-aaa2-4115-b233-e6b918d0104b
id_unspecified_0017,2,"[""informal"",""colloquial"",""idiomatic""]","[""Indonesia""]","[""Used derogatorily to say someone has nothing better to do, implying they waste time on trivial, bothersome, or unnecessary activities.""]",1,2025-11-15 05:25:26.394141,2025-11-15 05:25:26.494881,kurang kerjaan,58f52d99-a032-4dce-ab57-c568346aa209
id_unspecified_0006,1,"[""informal"",""slang""]","[""Indonesia""]","[""Literally 'very stupid' (from 'bodoh amat').""]",1,2025-11-15 05:25:26.393841,2025-11-15 05:25:26.494881,bodo amat,5e5b9ac1-4af9-4c3f-b28c-3ff9c9ca054d
id_unspecified_0038,2,"[""colloquial""]","[""Indonesia""]","[""To suffer an additional misfortune on top of an existing one; to experience multiple setbacks in succession.""]",1,2025-11-15 05:25:26.394917,2025-11-15 05:25:26.494881,"sudah jatuh, tertimpa tangga",5f982714-5d62-479a-b96d-fcf7541c836b
id_unspecified_0042,1,"[""literal""]","[""Indonesia""]","[""Literally, hot or molten lead (metal heated until liquid).""]",1,2025-11-15 05:25:26.394972,2025-11-15 05:25:26.494881,timah panas,602a0d87-1889-4e0d-b015-424caf43a5dd
id_unspecified_0022,1,"[""idiomatic"",""proverbial""]","[""Indonesia""]","[""Literally, 'three go in, four come out'; a compositional image describing a mismatch between input and output.""]",1,2025-11-15 05:25:26.394242,2025-11-15 05:25:26.494881,"masuk tiga, keluar empat",60f7a391-d4f8-490b-956a-585011488330
id_unspecified_0019,2,"[""informal"",""idiomatic"",""colloquial""]","[""Indonesia"",""Malaysia""]","[""To go out for a leisurely walk or outing to enjoy fresh air and relaxation.""]",1,2025-11-15 05:25:26.394178,2025-11-15 05:25:26.494881,makan angin,619aa73b-927b-4fc4-a965-7dcd3851f412
id_unspecified_0029,1,"[""neutral"",""literal""]","[""Indonesia""]","[""The act or process of making something darker; darkening.""]",1,2025-11-15 05:25:26.394761,2025-11-15 05:25:26.494881,penggelapan,62660b6d-0652-4a1e-97e5-04c54b792d4f
id_unspecified_0041,3,"[""figurative"",""colloquial""]","[""Indonesia"",""Malaysia""]","[""To be inactive, dormant, or not functioning (often used figuratively of objects, systems, or organizations).""]",1,2025-11-15 05:25:26.394964,2025-11-15 05:25:26.494881,tidur,6416f7a1-1a13-4890-9d03-7117c3ad7cc9
id_unspecified_0011,1,"[""neutral""]","[""Indonesia""]","[""Literal: to become a person or to attain the status of being a human individual.""]",1,2025-11-15 05:25:26.393943,2025-11-15 05:25:26.494881,jadi orang,65ccdd4f-87c2-48fc-a2a8-60bd2b261925
id_unspecified_0015,1,"[""literal"",""informal""]","[""Indonesia""]","[""Literally \""cowboy worm\"": a compound of 'koboi' (cowboy) and 'cacing' (worm), a literal phrase with no common neutral usage.""]",1,2025-11-15 05:25:26.394057,2025-11-15 05:25:26.494881,koboi cacing,67158b7e-ede5-49ee-b17a-46930fa198f6
id_unspecified_0020,1,"[""informal"",""slang""]","[""Indonesia""]","[""Literally, 'time ignorant'; a literal composition of the words but not commonly used on its own to convey a concrete event or object.""]",1,2025-11-15 05:25:26.394199,2025-11-15 05:25:26.494881,masa bodo,6717a494-ca51-4721-837d-1d42fa210d87
id_unspecified_0044,2,"[""business"",""accounting"",""idiomatic""]","[""Indonesia""]","[""To close the books; to cease recording transactions and finalize accounting records, typically at the end of a period.""]",1,2025-11-15 05:25:26.395015,2025-11-15 05:25:26.494881,tutup buku,6e1177fd-e78d-41b5-9cef-9e328966b6ca
id_unspecified_0010,1,"[""neutral""]","[""Indonesia""]","[""Literal: to dig a hole and then fill or close it, referring to the physical action of making and covering an excavation.""]",1,2025-11-15 05:25:26.393922,2025-11-15 05:25:26.494881,"gali lubang, tutup lubang",6ed7aec8-cfeb-4df2-9cf4-228e4f4e51ec
id_unspecified_0012,1,"[""neutral""]","[""Indonesia""]","[""Literal: plural of kaleng; cans or tins used to hold food or other substances.""]",1,2025-11-15 05:25:26.393992,2025-11-15 05:25:26.494881,kaleng-kaleng,6ff6d58d-b3f0-476e-9857-0abf9f79150a
id_unspecified_0016,2,"[""informal"",""derogatory"",""idiomatic"",""slang""]","[""Indonesia""]","[""A person who acts tough or boastful but is actually timid, whiny, or easily upset.""]",1,2025-11-15 05:25:26.394123,2025-11-15 05:25:26.494881,koboi cengeng,7182558d-eaea-449c-840b-cb7c40f8e7c5
id_unspecified_0036,2,"[""formal"",""emphatic""]","[""Indonesia""]","[""To struggle or fight to the utmost limit; to persist to the very last degree.""]",1,2025-11-15 05:25:26.394872,2025-11-15 05:25:26.494881,sampai titik darah penghabisan,71e07fba-52d9-4f63-928e-0506d607e3ac
id_unspecified_0032,2,"[""derogatory"",""informal""]","[""Indonesian""]","[""figurative: a derogatory term for a country perceived as politically unstable, corrupt, or governed by dictatorial elites and dependent on a single export commodity.""]",1,2025-11-15 05:25:26.394807,2025-11-15 05:25:26.494881,republik pisang,727f86e6-5914-48a8-bc6a-173f213f22a4
id_unspecified_0040,2,"[""idiomatic"",""proverbial"",""critical""]","[""Indonesia""]","[""A description of double standards in which rules or laws are applied harshly to the less powerful and leniently to the powerful; one law for the poor and another for the rich.""]",1,2025-11-15 05:25:26.394945,2025-11-15 05:25:26.494881,"tajam ke bawah, tumpul ke atas",7d216a13-0402-436b-8d6a-6b84bcdcf364
id_unspecified_0013,1,"[""neutral""]","[""Indonesia""]","[""Literal: a black goat, referring to an animal of that color.""]",1,2025-11-15 05:25:26.39402,2025-11-15 05:25:26.494881,kambing hitam,84810250-32c1-4dba-bad8-7ebbf332db37
id_unspecified_0030,1,"[""proverbial"",""literary""]","[""Malay"",""Indonesian""]","[""literal translation: 'the favored shoot, and the dish arrives.'""]",1,2025-11-15 05:25:26.394773,2025-11-15 05:25:26.494881,"pucuk dicinta, ulam pun tiba",87b79d10-bf73-4d4a-8b73-dc12e9ef9d07
id_unspecified_0044,1,"[""neutral"",""literal""]","[""Indonesia"",""Malaysia""]","[""To close a physical book by shutting its covers.""]",1,2025-11-15 05:25:26.395007,2025-11-15 05:25:26.494881,tutup buku,8848befc-32e7-4cb2-a699-bbc41797f2b9
id_unspecified_0028,1,"[""neutral"",""literal""]","[""Indonesia""]","[""Having physically long arms or an extended reach.""]",1,2025-11-15 05:25:26.394747,2025-11-15 05:25:26.494881,panjang tangan,887c9899-e381-4de7-9b4e-9ef8e346d7fd
id_unspecified_0027,2,"[""idiomatic"",""colloquial""]","[""Indonesia""]","[""A third, unwanted person accompanying a pair (a 'third wheel') who disrupts or intrudes on a couple's interaction.""]",1,2025-11-15 05:25:26.394739,2025-11-15 05:25:26.494881,obat nyamuk,8d9a74d4-4499-4052-9445-c284f92a10d5
id_unspecified_0009,1,"[""neutral"",""literal""]","[""Indonesia"",""Malay-speaking areas""]","[""Literally 'a durian falling'—an occurrence of durian fruit falling from a tree.""]",1,2025-11-15 05:25:26.393891,2025-11-15 05:25:26.494881,durian runtuh,8e68faf1-a406-4757-b00f-209800bdb4b6
id_unspecified_0041,1,"[""neutral"",""common""]","[""Indonesia"",""Malaysia""]","[""To sleep; to rest in a state of reduced consciousness and diminished responsiveness to external stimuli.""]",1,2025-11-15 05:25:26.394952,2025-11-15 05:25:26.494881,tidur,8e8cf7c4-736a-4894-a9ce-0bcbac6eaae8
id_unspecified_0033,2,"[""informal"",""positive""]","[""Malay"",""Indonesian""]","[""figurative: disposed to help others readily; quick to lend a hand.""]",1,2025-11-15 05:25:26.394819,2025-11-15 05:25:26.494881,ringan tangan,91251b37-3859-4787-b676-ce04ed311e9b
id_unspecified_0022,2,"[""idiomatic"",""proverbial""]","[""Indonesia""]","[""Figuratively, to spend more than one earns or to have expenses exceed income; to be in deficit (similar to 'besar pasak daripada tiang').""]",1,2025-11-15 05:25:26.394251,2025-11-15 05:25:26.494881,"masuk tiga, keluar empat",92cc4243-e2b5-47bf-baaf-aa0431737027
id_unspecified_0034,2,"[""neutral"",""colloquial""]","[""Malay"",""Indonesian""]","[""used as an intensifier in negative or restrictive contexts meaning 'at all' or 'in any way.'""]",1,2025-11-15 05:25:26.394839,2025-11-15 05:25:26.494881,sama sekali,945c8ef1-1c0d-4c94-9a7b-3d1901ea8e71
id_unspecified_0018,1,"[""neutral"",""colloquial""]","[""Indonesia"",""Malaysia"",""Singapore""]","[""To eat; to consume food.""]",1,2025-11-15 05:25:26.394153,2025-11-15 05:25:26.494881,makan,94d01d90-983d-470a-8d01-e26c2165c9ce
id_unspecified_0014,1,"[""neutral"",""formal""]","[""Indonesia""]","[""Literal: special requirements or specific needs that differ from the usual or standard.""]",1,2025-11-15 05:25:26.394039,2025-11-15 05:25:26.494881,kebutuhan khusus,9ae9913a-d173-46b4-98b5-67404ec791b0
id_unspecified_0000,2,"[""informal"",""colloquial"",""idiomatic""]","[""Indonesia""]","[""An expression of concern or request for explanation meaning 'what's going on?' or 'what's the matter?' used to prompt someone to explain a situation or their feelings.""]",1,2025-11-15 05:25:26.393729,2025-11-15 05:25:26.494881,ada apa,a31e9067-6814-433d-b9d4-8b618236ab4c
id_unspecified_0014,2,"[""neutral"",""formal""]","[""Indonesia""]","[""Idiomatic: specific needs for additional care, services, or accommodations due to disabilities, developmental differences, or other conditions that require specialized support.""]",1,2025-11-15 05:25:26.394047,2025-11-15 05:25:26.494881,kebutuhan khusus,a4e152b5-4c3d-4a45-bd4d-63abcca2aa74
id_unspecified_0042,2,"[""idiomatic"",""colloquial""]","[""Indonesia""]","[""Colloquial term for bullets or ammunition; projectiles fired from a firearm.""]",1,2025-11-15 05:25:26.39498,2025-11-15 05:25:26.494881,timah panas,a8d00109-f41f-4812-85d2-4b92d0fb7377
id_unspecified_0041,2,"[""euphemistic"",""colloquial""]","[""Indonesia"",""Malaysia""]","[""A euphemism for having sexual intercourse.""]",1,2025-11-15 05:25:26.394958,2025-11-15 05:25:26.494881,tidur,a9c69936-bacc-4949-b299-7d56e68b2531
id_unspecified_0003,1,"[""neutral"",""literal""]","[""Indonesia""]","[""To sleep together or share a bed with someone; a literal description of occupying the same bed for rest or sleep.""]",1,2025-11-15 05:25:26.393786,2025-11-15 05:25:26.494881,berseketiduran,aad3e759-c4e8-43fe-8ad6-b497e5bd934e
id_unspecified_0026,2,"[""idiomatic"",""colloquial""]","[""Indonesia""]","[""What is done is done; an irreversible situation that cannot be changed.""]",1,2025-11-15 05:25:26.394716,2025-11-15 05:25:26.494881,nasi sudah menjadi bubur,ac1a3e6e-9838-4cb4-b881-5cbc3bf01a8b
id_unspecified_0011,3,"[""informal"",""colloquial""]","[""Indonesia""]","[""Figurative (social success): to become successful, prominent, or respected; to 'be somebody' in terms of social status or achievement.""]",1,2025-11-15 05:25:26.39396,2025-11-15 05:25:26.494881,jadi orang,ad50bdeb-3e33-4fd2-83dc-3e972db01bc1
id_unspecified_0030,2,"[""proverbial"",""informal""]","[""Malay"",""Indonesian""]","[""figurative: finally obtaining something that has been long desired; a wished-for thing or opportunity comes at last.""]",1,2025-11-15 05:25:26.39478,2025-11-15 05:25:26.494881,"pucuk dicinta, ulam pun tiba",aedde722-2d4e-4f99-af9e-661b9a5df377
id_unspecified_0011,2,"[""informal"",""colloquial""]","[""Indonesia""]","[""Figurative (maturational): to grow up, mature, or behave responsibly as an adult.""]",1,2025-11-15 05:25:26.393952,2025-11-15 05:25:26.494881,jadi orang,b083f51e-f40d-4278-a092-f62001b1fabf
id_unspecified_0036,1,"[""formal"",""literary""]","[""Indonesia""]","[""Literally, 'until the blood is exhausted'; to continue until one's physical resources are spent.""]",1,2025-11-15 05:25:26.394865,2025-11-15 05:25:26.494881,sampai titik darah penghabisan,b768bbdd-f769-451e-8762-e934200366bd
id_unspecified_0012,2,"[""informal"",""colloquial"",""pejorative""]","[""Indonesia""]","[""Figurative: not genuine or of poor quality; makeshift, flimsy, or a sham rather than a real or proper item or arrangement.""]",1,2025-11-15 05:25:26.394002,2025-11-15 05:25:26.494881,kaleng-kaleng,ba1d8109-0af4-4a9b-a104-b4817eb8fd94
id_unspecified_0019,3,"[""informal"",""idiomatic"",""colloquial""]","[""Indonesia"",""Malaysia""]","[""To idle or loiter; to pass time aimlessly by sitting around or wandering without purpose.""]",1,2025-11-15 05:25:26.394189,2025-11-15 05:25:26.494881,makan angin,baab14b7-4825-4262-9eb2-9805bae2cffa
id_unspecified_0021,2,"[""informal"",""idiomatic""]","[""Indonesia""]","[""Figuratively, careless, indifferent, or apathetic; used to indicate that one does not care about someone or something.""]",1,2025-11-15 05:25:26.394232,2025-11-15 05:25:26.494881,masa bodoh,bad57354-d083-45a6-a0a0-9fa6ac2f6c4c
id_unspecified_0033,3,"[""informal"",""pejorative""]","[""Malay"",""Indonesian""]","[""figurative: quick to strike or prone to hitting others; given to physical aggression.""]",1,2025-11-15 05:25:26.394826,2025-11-15 05:25:26.494881,ringan tangan,bf4107b6-6b6b-4a97-be99-2eda5b01549e
id_unspecified_0023,2,"[""colloquial"",""idiomatic"",""proverbial""]","[""Indonesia""]","[""Figuratively, to gain a profit, benefit, or windfall effortlessly or without hard work; to receive an unexpected or easy reward.""]",1,2025-11-15 05:25:26.394269,2025-11-15 05:25:26.494881,mendapat pisang terkubak,c02c3479-176a-4ca0-9c5e-f833f05dbdd4
id_unspecified_0034,1,"[""neutral"",""formal""]","[""Malay"",""Indonesian""]","[""literal translation: 'entirely' or 'completely.'""]",1,2025-11-15 05:25:26.394832,2025-11-15 05:25:26.494881,sama sekali,c30d879c-7aa3-444e-b8ce-c38391704f12
id_unspecified_0004,2,"[""idiomatic"",""proverbial"",""figurative""]","[""Indonesia""]","[""An idiom meaning one's expenditures exceed one's income; spending more than one can afford.""]",1,2025-11-15 05:25:26.393814,2025-11-15 05:25:26.494881,besar pasak daripada tiang,c5256a7a-14cf-4037-85ea-d71c30492c28
id_unspecified_0009,2,"[""idiomatic"",""informal""]","[""Indonesia"",""Malay-speaking areas""]","[""An unexpected windfall or stroke of good fortune; a sudden profitable gain.""]",1,2025-11-15 05:25:26.393911,2025-11-15 05:25:26.494881,durian runtuh,cb0b6cd2-28d3-49ae-8182-8cecb6b043dc
id_unspecified_0025,2,"[""idiomatic"",""colloquial""]","[""Indonesia""]","[""A hidden or internal enemy; a person within a group who secretly betrays or works against that group.""]",1,2025-11-15 05:25:26.3947,2025-11-15 05:25:26.494881,musuh dalam selimut,cc04d1d8-36fe-4261-b6d0-76074a5b4ecc
id_unspecified_0035,2,"[""colloquial""]","[""Indonesia"",""Malaysia""]","[""To accomplish two aims in a single action; to obtain an additional benefit while carrying out another task.""]",1,2025-11-15 05:25:26.394856,2025-11-15 05:25:26.494881,sambil menyelam minum air,ced78b4e-00e7-400b-a645-eac4478b37d5
id_unspecified_0025,1,"[""neutral"",""literal""]","[""Indonesia""]","[""An enemy physically concealed under bedding or inside a blanket.""]",1,2025-11-15 05:25:26.394691,2025-11-15 05:25:26.494881,musuh dalam selimut,cee5d1e7-4615-482d-a934-40056afa0728
id_unspecified_0039,2,"[""informal"",""disparaging""]","[""Indonesia"",""Malaysia""]","[""To know one's place; to behave with appropriate modesty or restraint and avoid presumptuous conduct.""]",1,2025-11-15 05:25:26.394931,2025-11-15 05:25:26.494881,tahu diri,d2e34ae6-8a72-455e-b546-fafcb9c7d6cf
id_unspecified_0045,2,"[""informal"",""colloquial""]","[""Indonesia"",""Malaysia""]","[""To conceal, hide, or disguise information, facts, or wrongdoing; to cover up.""]",1,2025-11-15 05:25:26.395036,2025-11-15 05:25:26.494881,tutup-tutupi,d3217de9-cb10-4a45-a3b0-0f4603ea7641
id_unspecified_0013,2,"[""neutral"",""idiomatic""]","[""Indonesia""]","[""Figurative: a person or group unfairly blamed for the faults, mistakes, or problems of others; a scapegoat.""]",1,2025-11-15 05:25:26.39403,2025-11-15 05:25:26.494881,kambing hitam,dd9afb98-de7d-4374-9c5f-6a8f9c48bc7d
id_unspecified_0001,2,"[""idiomatic"",""colloquial"",""figurative""]","[""Indonesia"",""Malay""]","[""An idiom meaning there is a concealed ulterior motive or hidden catch behind an action, offer, or statement.""]",1,2025-11-15 05:25:26.393755,2025-11-15 05:25:26.494881,ada udang di balik batu,dfc3839e-311d-40cd-8546-a25929765267
id_unspecified_0043,1,"[""literal"",""proverbial""]","[""Indonesia"",""Malaysia""]","[""Literally, an empty barrel makes a loud noise.""]",1,2025-11-15 05:25:26.394988,2025-11-15 05:25:26.494881,tong kosong nyaring bunyinya,e3b6d78f-eb7e-45f8-a752-fb0fcb76178c
id_unspecified_0016,1,"[""literal"",""informal""]","[""Indonesia""]","[""Literally \""cowboy crybaby\"": a compound of 'koboi' (cowboy) and 'cengeng' (crying or whiny person), a literal combination used mainly for effect.""]",1,2025-11-15 05:25:26.394091,2025-11-15 05:25:26.494881,koboi cengeng,eb14c34c-2fc6-4afc-9526-4cc92fb4c447
id_unspecified_0003,2,"[""euphemistic"",""informal"",""idiomatic"",""figurative""]","[""Indonesia""]","[""A euphemistic idiom meaning to have sexual intercourse with someone.""]",1,2025-11-15 05:25:26.393796,2025-11-15 05:25:26.494881,berseketiduran,f120f9d3-5d89-4e09-a7ca-60a11827cf9b
id_unspecified_0039,1,"[""neutral""]","[""Indonesia"",""Malaysia""]","[""To know oneself; to understand one's own situation, abilities, or identity.""]",1,2025-11-15 05:25:26.394924,2025-11-15 05:25:26.494881,tahu diri,f3b2a3c1-dc49-4319-b9b5-04e6377ddd8f
id_unspecified_0020,2,"[""informal"",""slang"",""idiomatic""]","[""Indonesia""]","[""Figuratively, an expression of indifference or lack of concern; equivalent to 'I don't care' or 'whatever'.""]",1,2025-11-15 05:25:26.394208,2025-11-15 05:25:26.494881,masa bodo,f625978d-69e7-45d0-bae8-c34e1dc745af
id_unspecified_0010,2,"[""informal"",""colloquial""]","[""Indonesia""]","[""Figurative: to borrow or take on new obligations in order to pay off existing ones, creating a cycle of debt or temporary fixes that conceal underlying problems.""]",1,2025-11-15 05:25:26.393934,2025-11-15 05:25:26.494881,"gali lubang, tutup lubang",fb71530a-f157-4727-8487-bb1352ea1e33
id_unspecified_0004,1,"[""neutral"",""literal""]","[""Indonesia""]","[""A literal phrase meaning 'the peg (stake) is larger than the post,' picturing an imbalance between components of a structure.""]",1,2025-11-15 05:25:26.393805,2025-11-15 05:25:26.494881,besar pasak daripada tiang,fd6cfa56-8ff2-449a-8c38-495684e73f34
